;Level1;art;p_text;p_num;p_text_old
0;I. Lohn;art_322;Der Arbeitgeber hat dem Arbeitnehmer den Lohn zu entrichten, der verabredet oder üblich oder durch Normalarbeitsvertrag oder Gesamtarbeitsvertrag bestimmt ist. Lebt der Arbeitnehmer in Hausgemeinschaft mit dem Arbeitgeber, so bildet der Unterhalt im Hause mit Unterkunft und Verpflegung einen Teil des Lohnes, sofern nichts anderes verabredet oder üblich ist.;para_1 para_2;Der Arbeitgeber hat dem Arbeitnehmer den Lohn zu entrichten, der verabredet oder üblich oder durch Normalarbeitsvertrag oder Gesamtarbeitsvertrag bestimmt ist. Lebt der Arbeitnehmer in Hausgemeinschaft mit dem Arbeitgeber, so bildet der Unterhalt im Hause mit Unterkunft und Verpflegung einen Teil des Lohnes, sofern nichts anderes verabredet oder üblich ist.
1;I. Lohn;art_322_a;Hat der Arbeitnehmer vertraglich Anspruch auf einen Anteil am Gewinn oder am Umsatz oder sonst am Geschäftsergebnis, so ist für die Berechnung des Anteils das Ergebnis des Geschäftsjahres massgebend, wie es nach den gesetzlichen Vorschriften und allgemein anerkannten kaufmännischen Grundsätzen festzustellen ist. Der Arbeitgeber hat dem Arbeitnehmer oder an dessen Stelle einem gemeinsam bestimmten oder vom Richter bezeichneten Sachverständigen die nötigen Aufschlüsse zu geben und Einsicht in die Geschäftsbücher zu gewähren, soweit dies zur Nachprüfung erforderlich ist. Ist ein Anteil am Gewinn des Unternehmens verabredet, so ist dem Arbeitnehmer überdies auf Verlangen eine Abschrift der Erfolgsrechnung zu übergeben.;para_1 para_2 para_3;"Hat der Arbeitnehmer vertraglich Anspruch auf einen Anteil am Gewinn oder am Umsatz oder sonst am Geschäftsergebnis, so ist für die Berechnung des Anteils das Ergebnis des Geschäftsjahres massgebend, wie es nach den gesetzlichen Vorschriften und allgemein anerkannten kaufmännischen Grundsätzen festzustellen ist. Der Arbeitgeber hat dem Arbeitnehmer oder an dessen Stelle einem gemeinsam bestimmten oder vom Richter bezeichneten Sachverständigen die nötigen Aufschlüsse zu geben und Einsicht in die Geschäftsbücher zu gewähren, soweit dies zur Nachprüfung erforderlich ist. {'inline': ['Ist ein Anteil am Gewinn des Unternehmens verabredet, so ist dem Arbeitnehmer überdies auf Verlangen eine Abschrift der Erfolgsrechnung zu übergeben.', {'authorialNote': {'p': {'ref': [{'@href': 'https://fedlex.data.admin.ch/eli/oc/2012/810', 'b': '2012', '#text': 'AS  6679'}, {'@href': 'https://fedlex.data.admin.ch/eli/fga/2008/416', 'b': '2008', '#text': 'BBl  1589'}], '#text': 'Fassung gemäss Ziff. I 3 des BG vom 23. Dez. 2011 (Rechnungslegungsrecht), in Kraft seit 1. Jan. 2013 (; ).'}}}]}"
2;I. Lohn;art_322_b;"Ist eine Provision des Arbeitnehmers auf bestimmten Geschäften verabredet, so entsteht der Anspruch darauf, wenn das Geschäft mit dem Dritten rechtsgültig abgeschlossen ist. Bei Geschäften mit gestaffelter Erfüllung sowie bei Versicherungsverträgen kann schriftlich verabredet werden, dass der Provisionsanspruch auf jeder Rate mit ihrer Fälligkeit oder ihrer Leistung entsteht. Der Anspruch auf Provision fällt nachträglich dahin, wenn das Geschäft vom Arbeitgeber ohne sein Verschulden nicht ausgeführt wird oder wenn der Dritte seine Verbindlichkeiten nicht erfüllt; bei nur teilweiser Erfüllung tritt eine verhältnismässige Herabsetzung der Provision ein.";para_1 para_2 para_3;"Ist eine Provision des Arbeitnehmers auf bestimmten Geschäften verabredet, so entsteht der Anspruch darauf, wenn das Geschäft mit dem Dritten rechtsgültig abgeschlossen ist. Bei Geschäften mit gestaffelter Erfüllung sowie bei Versicherungsverträgen kann schriftlich verabredet werden, dass der Provisionsanspruch auf jeder Rate mit ihrer Fälligkeit oder ihrer Leistung entsteht. Der Anspruch auf Provision fällt nachträglich dahin, wenn das Geschäft vom Arbeitgeber ohne sein Verschulden nicht ausgeführt wird oder wenn der Dritte seine Verbindlichkeiten nicht erfüllt; bei nur teilweiser Erfüllung tritt eine verhältnismässige Herabsetzung der Provision ein."
3;I. Lohn;art_322_c;Ist vertraglich nicht der Arbeitnehmer zur Aufstellung der Provisionsabrechnung verpflichtet, so hat ihm der Arbeitgeber auf jeden Fälligkeitstermin eine schriftliche Abrechnung, unter Angabe der provisionspflichtigen Geschäfte, zu übergeben. Der Arbeitgeber hat dem Arbeitnehmer oder an dessen Stelle einem gemeinsam bestimmten oder vom Richter bezeichneten Sachverständigen die nötigen Aufschlüsse zu geben und Einsicht in die für die Abrechnung massgebenden Bücher und Belege zu gewähren, soweit dies zur Nachprüfung erforderlich ist.;para_1 para_2;Ist vertraglich nicht der Arbeitnehmer zur Aufstellung der Provisionsabrechnung verpflichtet, so hat ihm der Arbeitgeber auf jeden Fälligkeitstermin eine schriftliche Abrechnung, unter Angabe der provisionspflichtigen Geschäfte, zu übergeben. Der Arbeitgeber hat dem Arbeitnehmer oder an dessen Stelle einem gemeinsam bestimmten oder vom Richter bezeichneten Sachverständigen die nötigen Aufschlüsse zu geben und Einsicht in die für die Abrechnung massgebenden Bücher und Belege zu gewähren, soweit dies zur Nachprüfung erforderlich ist.
4;I. Lohn;art_322_d;Richtet der Arbeitgeber neben dem Lohn bei bestimmten Anlässen, wie Weihnachten oder Abschluss des Geschäftsjahres, eine Sondervergütung aus, so hat der Arbeitnehmer einen Anspruch darauf, wenn es verabredet ist. Endigt das Arbeitsverhältnis, bevor der Anlass zur Ausrichtung der Sondervergütung eingetreten ist, so hat der Arbeitnehmer einen Anspruch auf einen verhältnismässigen Teil davon, wenn es verabredet ist.;para_1 para_2;Richtet der Arbeitgeber neben dem Lohn bei bestimmten Anlässen, wie Weihnachten oder Abschluss des Geschäftsjahres, eine Sondervergütung aus, so hat der Arbeitnehmer einen Anspruch darauf, wenn es verabredet ist. Endigt das Arbeitsverhältnis, bevor der Anlass zur Ausrichtung der Sondervergütung eingetreten ist, so hat der Arbeitnehmer einen Anspruch auf einen verhältnismässigen Teil davon, wenn es verabredet ist.
5;II. Ausrichtung des Lohnes;art_323;"Sind nicht kürzere Fristen oder andere Termine verabredet oder üblich und ist durch Normalarbeitsvertrag oder Gesamtarbeitsvertrag nichts anderes bestimmt, so ist dem Arbeitnehmer der Lohn Ende jedes Monats auszurichten. Ist nicht eine kürzere Frist verabredet oder üblich, so ist die Provision Ende jedes Monats auszurichten; erfordert jedoch die Durchführung von Geschäften mehr als ein halbes Jahr, so kann durch schriftliche Abrede die Fälligkeit der Provision für diese Geschäfte hinausgeschoben werden. Der Anteil am Geschäftsergebnis ist auszurichten, sobald dieses festgestellt ist, spätestens jedoch sechs Monate nach Ablauf des Geschäftsjahres. Der Arbeitgeber hat dem Arbeitnehmer nach Massgabe der geleisteten Arbeit den Vorschuss zu gewähren, dessen der Arbeitnehmer infolge einer Notlage bedarf und den der Arbeitgeber billigerweise zu gewähren vermag.";para_1 para_2 para_3 para_4;"Sind nicht kürzere Fristen oder andere Termine verabredet oder üblich und ist durch Normalarbeitsvertrag oder Gesamtarbeitsvertrag nichts anderes bestimmt, so ist dem Arbeitnehmer der Lohn Ende jedes Monats auszurichten. Ist nicht eine kürzere Frist verabredet oder üblich, so ist die Provision Ende jedes Monats auszurichten; erfordert jedoch die Durchführung von Geschäften mehr als ein halbes Jahr, so kann durch schriftliche Abrede die Fälligkeit der Provision für diese Geschäfte hinausgeschoben werden. Der Anteil am Geschäftsergebnis ist auszurichten, sobald dieses festgestellt ist, spätestens jedoch sechs Monate nach Ablauf des Geschäftsjahres. Der Arbeitgeber hat dem Arbeitnehmer nach Massgabe der geleisteten Arbeit den Vorschuss zu gewähren, dessen der Arbeitnehmer infolge einer Notlage bedarf und den der Arbeitgeber billigerweise zu gewähren vermag."
6;II. Ausrichtung des Lohnes;art_323_a;"Sofern es verabredet oder üblich oder durch Normalarbeitsvertrag oder Gesamtarbeitsvertrag bestimmt ist, darf der Arbeitgeber einen Teil des Lohnes zurückbehalten. Von dem am einzelnen Zahltag fälligen Lohn darf nicht mehr als ein Zehntel des Lohnes und im gesamten nicht mehr als der Lohn für eine Arbeitswoche zurückbehalten werden; jedoch kann ein höherer Lohnrückbehalt durch Normalarbeitsvertrag oder Gesamtarbeitsvertrag vorgesehen werden. Ist nichts anderes verabredet oder üblich oder durch Normalarbeitsvertrag oder Gesamtarbeitsvertrag bestimmt, so gilt der zurückbehaltene Lohn als Sicherheit für die Forderungen des Arbeitgebers aus dem Arbeitsverhältnis und nicht als Konventionalstrafe.";para_1 para_2 para_3;"Sofern es verabredet oder üblich oder durch Normalarbeitsvertrag oder Gesamtarbeitsvertrag bestimmt ist, darf der Arbeitgeber einen Teil des Lohnes zurückbehalten. Von dem am einzelnen Zahltag fälligen Lohn darf nicht mehr als ein Zehntel des Lohnes und im gesamten nicht mehr als der Lohn für eine Arbeitswoche zurückbehalten werden; jedoch kann ein höherer Lohnrückbehalt durch Normalarbeitsvertrag oder Gesamtarbeitsvertrag vorgesehen werden. Ist nichts anderes verabredet oder üblich oder durch Normalarbeitsvertrag oder Gesamtarbeitsvertrag bestimmt, so gilt der zurückbehaltene Lohn als Sicherheit für die Forderungen des Arbeitgebers aus dem Arbeitsverhältnis und nicht als Konventionalstrafe."
7;II. Ausrichtung des Lohnes;art_323_b;"Der Geldlohn ist dem Arbeitnehmer in gesetzlicher Währung innert der Arbeitszeit auszurichten, sofern nichts anderes verabredet oder üblich ist; dem Arbeitnehmer ist eine schriftliche Abrechnung zu übergeben. Der Arbeitgeber darf Gegenforderungen mit der Lohnforderung nur soweit verrechnen, als diese pfändbar ist, jedoch dürfen Ersatzforderungen für absichtlich zugefügten Schaden unbeschränkt verrechnet werden. Abreden über die Verwendung des Lohnes im Interesse des Arbeitgebers sind nichtig.";para_1 para_2 para_3;"Der Geldlohn ist dem Arbeitnehmer in gesetzlicher Währung innert der Arbeitszeit auszurichten, sofern nichts anderes verabredet oder üblich ist; dem Arbeitnehmer ist eine schriftliche Abrechnung zu übergeben. Der Arbeitgeber darf Gegenforderungen mit der Lohnforderung nur soweit verrechnen, als diese pfändbar ist, jedoch dürfen Ersatzforderungen für absichtlich zugefügten Schaden unbeschränkt verrechnet werden. Abreden über die Verwendung des Lohnes im Interesse des Arbeitgebers sind nichtig."
8;III. Lohn bei Verhinderung an der Arbeitsleistung;art_324;Kann die Arbeit infolge Verschuldens des Arbeitgebers nicht geleistet werden oder kommt er aus anderen Gründen mit der Annahme der Arbeitsleistung in Verzug, so bleibt er zur Entrichtung des Lohnes verpflichtet, ohne dass der Arbeitnehmer zur Nachleistung verpflichtet ist. Der Arbeitnehmer muss sich auf den Lohn anrechnen lassen, was er wegen Verhinderung an der Arbeitsleistung erspart oder durch anderweitige Arbeit erworben oder zu erwerben absichtlich unterlassen hat.;para_1 para_2;Kann die Arbeit infolge Verschuldens des Arbeitgebers nicht geleistet werden oder kommt er aus anderen Gründen mit der Annahme der Arbeitsleistung in Verzug, so bleibt er zur Entrichtung des Lohnes verpflichtet, ohne dass der Arbeitnehmer zur Nachleistung verpflichtet ist. Der Arbeitnehmer muss sich auf den Lohn anrechnen lassen, was er wegen Verhinderung an der Arbeitsleistung erspart oder durch anderweitige Arbeit erworben oder zu erwerben absichtlich unterlassen hat.
9;III. Lohn bei Verhinderung an der Arbeitsleistung;art_324_a;Wird der Arbeitnehmer aus Gründen, die in seiner Person liegen, wie Krankheit, Unfall, Erfüllung gesetzlicher Pflichten oder Ausübung eines öffentlichen Amtes, ohne sein Verschulden an der Arbeitsleistung verhindert, so hat ihm der Arbeitgeber für eine beschränkte Zeit den darauf entfallenden Lohn zu entrichten, samt einer angemessenen Vergütung für ausfallenden Naturallohn, sofern das Arbeitsverhältnis mehr als drei Monate gedauert hat oder für mehr als drei Monate eingegangen ist. Sind durch Abrede, Normalarbeitsvertrag oder Gesamtarbeitsvertrag nicht längere Zeitabschnitte bestimmt, so hat der Arbeitgeber im ersten Dienstjahr den Lohn für drei Wochen und nachher für eine angemessene längere Zeit zu entrichten, je nach der Dauer des Arbeitsverhältnisses und den besonderen Umständen. Bei Schwangerschaft der Arbeitnehmerin hat der Arbeitgeber den Lohn im gleichen Umfang zu entrichten. Durch schriftliche Abrede, Normalarbeitsvertrag oder Gesamtarbeitsvertrag kann eine von den vorstehenden Bestimmungen abweichende Regelung getroffen werden, wenn sie für den Arbeitnehmer mindestens gleichwertig ist.;para_1 para_2 para_3 para_4;"Wird der Arbeitnehmer aus Gründen, die in seiner Person liegen, wie Krankheit, Unfall, Erfüllung gesetzlicher Pflichten oder Ausübung eines öffentlichen Amtes, ohne sein Verschulden an der Arbeitsleistung verhindert, so hat ihm der Arbeitgeber für eine beschränkte Zeit den darauf entfallenden Lohn zu entrichten, samt einer angemessenen Vergütung für ausfallenden Naturallohn, sofern das Arbeitsverhältnis mehr als drei Monate gedauert hat oder für mehr als drei Monate eingegangen ist. Sind durch Abrede, Normalarbeitsvertrag oder Gesamtarbeitsvertrag nicht längere Zeitabschnitte bestimmt, so hat der Arbeitgeber im ersten Dienstjahr den Lohn für drei Wochen und nachher für eine angemessene längere Zeit zu entrichten, je nach der Dauer des Arbeitsverhältnisses und den besonderen Umständen. {'authorialNote': {'p': {'ref': [{'@href': 'https://fedlex.data.admin.ch/eli/oc/2005/217', 'b': '2005', '#text': 'AS  1429'}, {'@href': 'https://fedlex.data.admin.ch/eli/fga/2002/1197', 'b': '2002', '#text': 'BBl  7522'}, {'@href': 'https://fedlex.data.admin.ch/eli/fga/2003/169', 'b': '2003', '#text': '1112'}, {'@href': 'https://fedlex.data.admin.ch/eli/fga/2003/381', '#text': '2923'}], '#text': 'Fassung gemäss Anhang Ziff. 1 des BG vom 3. Okt. 2003, in Kraft seit 1. Juli 2005  (; , ).'}}, '#text': 'Bei Schwangerschaft der Arbeitnehmerin hat der Arbeitgeber den Lohn im gleichen Umfang zu entrichten.'} Durch schriftliche Abrede, Normalarbeitsvertrag oder Gesamtarbeitsvertrag kann eine von den vorstehenden Bestimmungen abweichende Regelung getroffen werden, wenn sie für den Arbeitnehmer mindestens gleichwertig ist."
10;III. Lohn bei Verhinderung an der Arbeitsleistung;art_324_b;Ist der Arbeitnehmer auf Grund gesetzlicher Vorschrift gegen die wirtschaftlichen Folgen unverschuldeter Arbeitsverhinderung aus Gründen, die in seiner Person liegen, obligatorisch versichert, so hat der Arbeitgeber den Lohn nicht zu entrichten, wenn die für die beschränkte Zeit geschuldeten Versicherungsleistungen mindestens vier Fünftel des darauf entfallenden Lohnes decken. Sind die Versicherungsleistungen geringer, so hat der Arbeitgeber die Differenz zwischen diesen und vier Fünfteln des Lohnes zu entrichten. Werden die Versicherungsleistungen erst nach einer Wartezeit gewährt, so hat der Arbeitgeber für diese Zeit mindestens vier Fünftel des Lohnes zu entrichten.;para_1 para_2 para_3;"Ist der Arbeitnehmer auf Grund gesetzlicher Vorschrift gegen die wirtschaftlichen Folgen unverschuldeter Arbeitsverhinderung aus Gründen, die in seiner Person liegen, obligatorisch versichert, so hat der Arbeitgeber den Lohn nicht zu entrichten, wenn die für die beschränkte Zeit geschuldeten Versicherungsleistungen mindestens vier Fünftel des darauf entfallenden Lohnes decken. Sind die Versicherungsleistungen geringer, so hat der Arbeitgeber die Differenz zwischen diesen und vier Fünfteln des Lohnes zu entrichten. {'authorialNote': {'p': {'ref': [{'@href': 'https://fedlex.data.admin.ch/eli/oc/1982/1676_1676_1676', 'b': '1982', '#text': 'AS  1676'}, {'@href': 'https://fedlex.data.admin.ch/eli/oc/1982/1724_1724_1724', '#text': '1724'}, {'@href': 'https://fedlex.data.admin.ch/eli/fga/1976/3_141_143_155', 'b': '1976', '#text': 'BBl  III 141'}], '#text': 'Eingefügt durch Anhang Ziff. 12 des Unfallversicherungsgesetzes vom 20. März 1981,  in Kraft seit 1. Jan. 1984 (Art. 1 Abs. 1; ).'}}, '#text': 'Werden die Versicherungsleistungen erst nach einer Wartezeit gewährt, so hat der Arbeitgeber für diese Zeit mindestens vier Fünftel des Lohnes zu entrichten.'}"
11;IV. Abtretung und Verpfändung von Lohnforderungen;art_325;"Zur Sicherung familienrechtlicher Unterhalts- und Unterstützungspflichten kann der Arbeitnehmer künftige Lohnforderungen so weit abtreten oder verpfänden, als sie pfändbar sind; auf Ansuchen eines Beteiligten setzt das Betreibungsamt am Wohnsitz des Arbeitnehmers den nach Artikel 93 des Schuldbetreibungs- und Konkursgesetzes vom 11. April 1889 unpfändbaren Betrag fest. Die Abtretung und die Verpfändung künftiger Lohnforderungen zur Sicherung anderer Verbindlichkeiten sind nichtig.";para_1 para_2;"{'authorialNote': {'p': {'ref': {'@href': 'https://fedlex.data.admin.ch/eli/cc/11/529_488_529', 'b': '281.1', '#text': 'SR'}}}, '#text': 'Zur Sicherung familienrechtlicher Unterhalts- und Unterstützungspflichten kann der Arbeitnehmer künftige Lohnforderungen so weit abtreten oder verpfänden, als sie pfändbar sind; auf Ansuchen eines Beteiligten setzt das Betreibungsamt am Wohnsitz des Arbeitnehmers den nach Artikel 93 des Schuldbetreibungs- und Konkursgesetzes vom 11. April 1889 unpfändbaren Betrag fest.'} Die Abtretung und die Verpfändung künftiger Lohnforderungen zur Sicherung anderer Verbindlichkeiten sind nichtig."
12;IX. Übrige;art_330;Übergibt der Arbeitnehmer zur Sicherung seiner Verpflichtungen aus dem Arbeitsverhältnis dem Arbeitgeber eine Kaution, so hat sie dieser von seinem Vermögen getrennt zu halten und ihm dafür Sicherheit zu leisten. Der Arbeitgeber hat die Kaution spätestens bei Beendigung des Arbeitsverhältnisses zurückzugeben, sofern nicht durch schriftliche Abrede der Zeitpunkt der Rückgabe hinausgeschoben ist. Macht der Arbeitgeber Forderungen aus dem Arbeitsverhältnis geltend und sind diese streitig, so kann er die Kaution bis zum Entscheid darüber insoweit zurückbehalten, muss aber auf Verlangen des Arbeitnehmers den zurückbehaltenen Betrag gerichtlich hinterlegen. Im Konkurs des Arbeitgebers kann der Arbeitnehmer die Rückgabe der von dem Vermögen des Arbeitgebers getrennt gehaltenen Kaution verlangen, unter Vorbehalt der Forderungen des Arbeitgebers aus dem Arbeitsverhältnis.;para_1 para_2 para_3 para_4;Übergibt der Arbeitnehmer zur Sicherung seiner Verpflichtungen aus dem Arbeitsverhältnis dem Arbeitgeber eine Kaution, so hat sie dieser von seinem Vermögen getrennt zu halten und ihm dafür Sicherheit zu leisten. Der Arbeitgeber hat die Kaution spätestens bei Beendigung des Arbeitsverhältnisses zurückzugeben, sofern nicht durch schriftliche Abrede der Zeitpunkt der Rückgabe hinausgeschoben ist. Macht der Arbeitgeber Forderungen aus dem Arbeitsverhältnis geltend und sind diese streitig, so kann er die Kaution bis zum Entscheid darüber insoweit zurückbehalten, muss aber auf Verlangen des Arbeitnehmers den zurückbehaltenen Betrag gerichtlich hinterlegen. Im Konkurs des Arbeitgebers kann der Arbeitnehmer die Rückgabe der von dem Vermögen des Arbeitgebers getrennt gehaltenen Kaution verlangen, unter Vorbehalt der Forderungen des Arbeitgebers aus dem Arbeitsverhältnis.
13;IX. Übrige;art_330_a;Der Arbeitnehmer kann jederzeit vom Arbeitgeber ein Zeugnis verlangen, das sich über die Art und Dauer des Arbeitsverhältnisses sowie über seine Leistungen und sein Verhalten ausspricht. Auf besonderes Verlangen des Arbeitnehmers hat sich das Zeugnis auf Angaben über die Art und Dauer des Arbeitsverhältnisses zu beschränken.;para_1 para_2;Der Arbeitnehmer kann jederzeit vom Arbeitgeber ein Zeugnis verlangen, das sich über die Art und Dauer des Arbeitsverhältnisses sowie über seine Leistungen und sein Verhalten ausspricht. Auf besonderes Verlangen des Arbeitnehmers hat sich das Zeugnis auf Angaben über die Art und Dauer des Arbeitsverhältnisses zu beschränken.
14;IX. Übrige;art_330_b;Werden Vertragselemente, die nach Absatz 1 mitteilungspflichtig sind, während des Arbeitsverhältnisses geändert, so sind die Änderungen dem Arbeitnehmer spätestens einen Monat nachdem sie wirksam geworden sind, schriftlich mitzuteilen.;para_2;Werden Vertragselemente, die nach Absatz 1 mitteilungspflichtig sind, während des Arbeitsverhältnisses geändert, so sind die Änderungen dem Arbeitnehmer spätestens einen Monat nachdem sie wirksam geworden sind, schriftlich mitzuteilen.
15;V. Akkordlohnarbeit;art_326;Hat der Arbeitnehmer vertragsgemäss ausschliesslich Akkordlohnarbeit nur für einen Arbeitgeber zu leisten, so hat dieser genügend Arbeit zuzuweisen. Ist der Arbeitgeber ohne sein Verschulden ausserstande, vertragsgemässe Akkordlohnarbeit zuzuweisen oder verlangen die Verhältnisse des Betriebes vorübergehend die Leistung von Zeitlohnarbeit, so kann dem Arbeitnehmer solche zugewiesen werden. Ist der Zeitlohn nicht durch Abrede, Normalarbeitsvertrag oder Gesamtarbeitsvertrag bestimmt, so hat der Arbeitgeber dem Arbeitnehmer den vorher durchschnittlich verdienten Akkordlohn zu entrichten. Kann der Arbeitgeber weder genügend Akkordlohnarbeit noch Zeitlohnarbeit zuweisen, so bleibt er gleichwohl verpflichtet, nach den Vorschriften über den Annahmeverzug den Lohn zu entrichten, den er bei Zuweisung von Zeitlohnarbeit zu entrichten hätte.;para_1 para_2 para_3 para_4;Hat der Arbeitnehmer vertragsgemäss ausschliesslich Akkordlohnarbeit nur für einen Arbeitgeber zu leisten, so hat dieser genügend Arbeit zuzuweisen. Ist der Arbeitgeber ohne sein Verschulden ausserstande, vertragsgemässe Akkordlohnarbeit zuzuweisen oder verlangen die Verhältnisse des Betriebes vorübergehend die Leistung von Zeitlohnarbeit, so kann dem Arbeitnehmer solche zugewiesen werden. Ist der Zeitlohn nicht durch Abrede, Normalarbeitsvertrag oder Gesamtarbeitsvertrag bestimmt, so hat der Arbeitgeber dem Arbeitnehmer den vorher durchschnittlich verdienten Akkordlohn zu entrichten. Kann der Arbeitgeber weder genügend Akkordlohnarbeit noch Zeitlohnarbeit zuweisen, so bleibt er gleichwohl verpflichtet, nach den Vorschriften über den Annahmeverzug den Lohn zu entrichten, den er bei Zuweisung von Zeitlohnarbeit zu entrichten hätte.
16;V. Akkordlohnarbeit;art_326_a;Hat der Arbeitnehmer vertraglich Akkordlohnarbeit zu leisten, so hat ihm der Arbeitgeber den Akkordlohnansatz vor Beginn der einzelnen Arbeit bekanntzugeben. Unterlässt der Arbeitgeber diese Bekanntgabe, so hat er den Lohn nach dem für gleichartige oder ähnliche Arbeiten festgesetzten Ansatz zu entrichten.;para_1 para_2;Hat der Arbeitnehmer vertraglich Akkordlohnarbeit zu leisten, so hat ihm der Arbeitgeber den Akkordlohnansatz vor Beginn der einzelnen Arbeit bekanntzugeben. Unterlässt der Arbeitgeber diese Bekanntgabe, so hat er den Lohn nach dem für gleichartige oder ähnliche Arbeiten festgesetzten Ansatz zu entrichten.
17;VI. Arbeitsgeräte, Material und Auslagen;art_327;Ist nichts anderes verabredet oder üblich, so hat der Arbeitgeber den Arbeitnehmer mit den Geräten und dem Material auszurüsten, die dieser zur Arbeit benötigt. Stellt im Einverständnis mit dem Arbeitgeber der Arbeitnehmer selbst Geräte oder Material für die Ausführung der Arbeit zur Verfügung, so ist er dafür angemessen zu entschädigen, sofern nichts anderes verabredet oder üblich ist.;para_1 para_2;Ist nichts anderes verabredet oder üblich, so hat der Arbeitgeber den Arbeitnehmer mit den Geräten und dem Material auszurüsten, die dieser zur Arbeit benötigt. Stellt im Einverständnis mit dem Arbeitgeber der Arbeitnehmer selbst Geräte oder Material für die Ausführung der Arbeit zur Verfügung, so ist er dafür angemessen zu entschädigen, sofern nichts anderes verabredet oder üblich ist.
18;VI. Arbeitsgeräte, Material und Auslagen;art_327_a;Der Arbeitgeber hat dem Arbeitnehmer alle durch die Ausführung der Arbeit notwendig entstehenden Auslagen zu ersetzen, bei Arbeit an auswärtigen Arbeitsorten auch die für den Unterhalt erforderlichen Aufwendungen. Durch schriftliche Abrede, Normalarbeitsvertrag oder Gesamtarbeitsvertrag kann als Auslagenersatz eine feste Entschädigung, wie namentlich ein Taggeld oder eine pauschale Wochen- oder Monatsvergütung festgesetzt werden, durch die jedoch alle notwendig entstehenden Auslagen gedeckt werden müssen. Abreden, dass der Arbeitnehmer die notwendigen Auslagen ganz oder teilweise selbst zu tragen habe, sind nichtig.;para_1 para_2 para_3;Der Arbeitgeber hat dem Arbeitnehmer alle durch die Ausführung der Arbeit notwendig entstehenden Auslagen zu ersetzen, bei Arbeit an auswärtigen Arbeitsorten auch die für den Unterhalt erforderlichen Aufwendungen. Durch schriftliche Abrede, Normalarbeitsvertrag oder Gesamtarbeitsvertrag kann als Auslagenersatz eine feste Entschädigung, wie namentlich ein Taggeld oder eine pauschale Wochen- oder Monatsvergütung festgesetzt werden, durch die jedoch alle notwendig entstehenden Auslagen gedeckt werden müssen. Abreden, dass der Arbeitnehmer die notwendigen Auslagen ganz oder teilweise selbst zu tragen habe, sind nichtig.
19;VI. Arbeitsgeräte, Material und Auslagen;art_327_b;Benützt der Arbeitnehmer im Einverständnis mit dem Arbeitgeber für seine Arbeit ein von diesem oder ein von ihm selbst gestelltes Motorfahrzeug, so sind ihm die üblichen Aufwendungen für dessen Betrieb und Unterhalt nach Massgabe des Gebrauchs für die Arbeit zu vergüten. Stellt der Arbeitnehmer im Einverständnis mit dem Arbeitgeber selbst ein Motorfahrzeug, so sind ihm überdies die öffentlichen Abgaben für das Fahrzeug, die Prämien für die Haftpflichtversicherung und eine angemessene Entschädigung für die Abnützung des Fahrzeugs nach Massgabe des Gebrauchs für die Arbeit zu vergüten. …;para_1 para_2 para_3;"Benützt der Arbeitnehmer im Einverständnis mit dem Arbeitgeber für seine Arbeit ein von diesem oder ein von ihm selbst gestelltes Motorfahrzeug, so sind ihm die üblichen Aufwendungen für dessen Betrieb und Unterhalt nach Massgabe des Gebrauchs für die Arbeit zu vergüten. Stellt der Arbeitnehmer im Einverständnis mit dem Arbeitgeber selbst ein Motorfahrzeug, so sind ihm überdies die öffentlichen Abgaben für das Fahrzeug, die Prämien für die Haftpflichtversicherung und eine angemessene Entschädigung für die Abnützung des Fahrzeugs nach Massgabe des Gebrauchs für die Arbeit zu vergüten. {'authorialNote': {'p': {'ref': [{'@href': 'https://fedlex.data.admin.ch/eli/oc/1982/1676_1676_1676', 'b': '1982', '#text': 'AS  1676'}, {'@href': 'https://fedlex.data.admin.ch/eli/oc/1982/1724_1724_1724', '#text': '1724'}, {'@href': 'https://fedlex.data.admin.ch/eli/fga/1976/3_141_143_155', 'b': '1976', '#text': 'BBl  III 141'}], '#text': 'Aufgehoben durch Anhang Ziff. 12 des Unfallversicherungsgesetzes vom 20. März 1981, mit Wirkung seit 1. Jan. 1984 (Art. 1 Abs. 1; ).'}}, '#text': '…'}"
20;VI. Arbeitsgeräte, Material und Auslagen;art_327_c;Auf Grund der Abrechnung des Arbeitnehmers ist der Auslagenersatz jeweils zusammen mit dem Lohn auszurichten, sofern nicht eine kürzere Frist verabredet oder üblich ist. Hat der Arbeitnehmer zur Erfüllung der vertraglichen Pflichten regelmässig Auslagen zu machen, so ist ihm ein angemessener Vorschuss in bestimmten Zeitabständen, mindestens aber jeden Monat auszurichten.;para_1 para_2;Auf Grund der Abrechnung des Arbeitnehmers ist der Auslagenersatz jeweils zusammen mit dem Lohn auszurichten, sofern nicht eine kürzere Frist verabredet oder üblich ist. Hat der Arbeitnehmer zur Erfüllung der vertraglichen Pflichten regelmässig Auslagen zu machen, so ist ihm ein angemessener Vorschuss in bestimmten Zeitabständen, mindestens aber jeden Monat auszurichten.
21;VII. Schutz der Persönlichkeit des Arbeitnehmers;art_328;Der Arbeitgeber hat im Arbeitsverhältnis die Persönlichkeit des Arbeitnehmers zu achten und zu schützen, auf dessen Gesundheit gebührend Rücksicht zu nehmen und für die Wahrung der Sittlichkeit zu sorgen. Er muss insbesondere dafür sorgen, dass Arbeitnehmerinnen und Arbeitnehmer nicht sexuell belästigt werden und dass den Opfern von sexuellen Belästigungen keine weiteren Nachteile entstehen. Er hat zum Schutz von Leben, Gesundheit und persönlicher Integrität der Arbeitnehmerinnen und Arbeitnehmer die Massnahmen zu treffen, die nach der Erfahrung notwendig, nach dem Stand der Technik anwendbar und den Verhältnissen des Betriebes oder Haushaltes angemessen sind, soweit es mit Rücksicht auf das einzelne Arbeitsverhältnis und die Natur der Arbeitsleistung ihm billigerweise zugemutet werden kann.;para_1 para_2;"{'authorialNote': {'p': {'ref': [{'@href': 'https://fedlex.data.admin.ch/eli/oc/1996/1498_1498_1498', 'b': '1996', '#text': 'AS  1498'}, {'@href': 'https://fedlex.data.admin.ch/eli/fga/1993/1_1248_1163_987', 'b': '1993', '#text': 'BBl  I 1248'}], '#text': 'Zweiter Satz eingefügt durch Anhang Ziff. 3 des Gleichstellungsgesetzes vom  24. März 1995, in Kraft seit 1. Juli 1996 (; ).'}}, '#text': 'Der Arbeitgeber hat im Arbeitsverhältnis die Persönlichkeit des Arbeitnehmers zu achten und zu schützen, auf dessen Gesundheit gebührend Rücksicht zu nehmen und für die Wahrung der Sittlichkeit zu sorgen. Er muss insbesondere dafür sorgen, dass Arbeitnehmerinnen und Arbeitnehmer nicht sexuell belästigt werden und dass den Opfern von sexuellen Belästigungen keine weiteren Nachteile entstehen.'} {'authorialNote': [{'p': {'ref': {'@href': 'https://fedlex.data.admin.ch/eli/oc/1974/1051_1051_1051', 'b': '1974', '#text': 'AS 1051'}, '#text': 'Berichtigt von der Redaktionskommission der BVers (Art. 33 GVG – ).'}}, {'p': {'ref': [{'@href': 'https://fedlex.data.admin.ch/eli/oc/1996/1498_1498_1498', 'b': '1996', '#text': 'AS  1498'}, {'@href': 'https://fedlex.data.admin.ch/eli/fga/1993/1_1248_1163_987', 'b': '1993', '#text': 'BBl  I 1248'}], '#text': 'Fassung gemäss Anhang Ziff. 3 des Gleichstellungsgesetzes vom 24. März 1995, in Kraft seit 1. Juli 1996 (; ).'}}], '#text': 'Er hat zum Schutz von Leben, Gesundheit und persönlicher Integrität der Arbeitnehmerinnen und Arbeitnehmer die Massnahmen zu treffen, die nach der Erfahrung notwendig, nach dem Stand der Technik anwendbar und den Verhältnissen des Betriebes oder Haushaltes angemessen sind, soweit es mit Rücksicht auf das einzelne Arbeitsverhältnis und die Natur der Arbeitsleistung ihm billigerweise zugemutet werden kann.'}"
22;VII. Schutz der Persönlichkeit des Arbeitnehmers;art_328_a;Lebt der Arbeitnehmer in Hausgemeinschaft mit dem Arbeitgeber, so hat dieser für ausreichende Verpflegung und einwandfreie Unterkunft zu sorgen. Wird der Arbeitnehmer ohne sein Verschulden durch Krankheit oder Unfall an der Arbeitsleistung verhindert, so hat der Arbeitgeber Pflege und ärztliche Behandlung für eine beschränkte Zeit zu gewähren, im ersten Dienstjahr für drei Wochen und nachher für eine angemessene längere Zeit, je nach der Dauer des Arbeitsverhältnisses und den besonderen Umständen. Bei Schwangerschaft und Niederkunft der Arbeitnehmerin hat der Arbeitgeber die gleichen Leistungen zu gewähren.;para_1 para_2 para_3;Lebt der Arbeitnehmer in Hausgemeinschaft mit dem Arbeitgeber, so hat dieser für ausreichende Verpflegung und einwandfreie Unterkunft zu sorgen. Wird der Arbeitnehmer ohne sein Verschulden durch Krankheit oder Unfall an der Arbeitsleistung verhindert, so hat der Arbeitgeber Pflege und ärztliche Behandlung für eine beschränkte Zeit zu gewähren, im ersten Dienstjahr für drei Wochen und nachher für eine angemessene längere Zeit, je nach der Dauer des Arbeitsverhältnisses und den besonderen Umständen. Bei Schwangerschaft und Niederkunft der Arbeitnehmerin hat der Arbeitgeber die gleichen Leistungen zu gewähren.
23;VII. Schutz der Persönlichkeit des Arbeitnehmers;art_328_b;Der Arbeitgeber darf Daten über den Arbeitnehmer nur bearbeiten, soweit sie dessen Eignung für das Arbeitsverhältnis betreffen oder zur Durchführung des Arbeitsvertrages erforderlich sind. Im Übrigen gelten die Bestimmungen des Datenschutzgesetzes vom 25. September 2020.;para;"{'authorialNote': [{'p': {'ref': {'@href': 'https://fedlex.data.admin.ch/eli/cc/2022/491', 'b': '235.1', '#text': 'SR'}}}, {'p': {'ref': [{'@href': 'https://fedlex.data.admin.ch/eli/oc/2022/491', 'b': '2022', '#text': 'AS  491'}, {'@href': 'https://fedlex.data.admin.ch/eli/fga/2017/2057', 'b': '2017', '#text': 'BBl  6941'}], '#text': 'Fassung des zweiten Satzes gemäss Anhang 1 Ziff. II 18 des Datenschutzgesetzes vom  25. Sept. 2020, in Kraft seit 1. Sept. 2023 (; ).'}}], '#text': 'Der Arbeitgeber darf Daten über den Arbeitnehmer nur bearbeiten, soweit sie dessen Eignung für das Arbeitsverhältnis betreffen oder zur Durchführung des Arbeitsvertrages erforderlich sind. Im Übrigen gelten die Bestimmungen des Datenschutzgesetzes vom 25. September 2020.'}"
24;VIII. Freizeit, Ferien und Urlaub;art_329;Der Arbeitgeber hat dem Arbeitnehmer jede Woche einen freien Tag zu gewähren, in der Regel den Sonntag oder, wo dies nach den Verhältnissen nicht möglich ist, einen vollen Werktag. Unter besonderen Umständen können dem Arbeitnehmer mit dessen Zustimmung ausnahmsweise mehrere freie Tage zusammenhängend oder statt eines freien Tages zwei freie Halbtage eingeräumt werden. Dem Arbeitnehmer sind im Übrigen die üblichen freien Stunden und Tage und nach erfolgter Kündigung die für das Aufsuchen einer anderen Arbeitsstelle erforderliche Zeit zu gewähren. Bei der Bestimmung der Freizeit ist auf die Interessen des Arbeitgebers wie des Arbeitnehmers angemessen Rücksicht zu nehmen.;para_1 para_2 para_3 para_4;Der Arbeitgeber hat dem Arbeitnehmer jede Woche einen freien Tag zu gewähren, in der Regel den Sonntag oder, wo dies nach den Verhältnissen nicht möglich ist, einen vollen Werktag. Unter besonderen Umständen können dem Arbeitnehmer mit dessen Zustimmung ausnahmsweise mehrere freie Tage zusammenhängend oder statt eines freien Tages zwei freie Halbtage eingeräumt werden. Dem Arbeitnehmer sind im Übrigen die üblichen freien Stunden und Tage und nach erfolgter Kündigung die für das Aufsuchen einer anderen Arbeitsstelle erforderliche Zeit zu gewähren. Bei der Bestimmung der Freizeit ist auf die Interessen des Arbeitgebers wie des Arbeitnehmers angemessen Rücksicht zu nehmen.
25;VIII. Freizeit, Ferien und Urlaub;art_329_a;Der Arbeitgeber hat dem Arbeitnehmer jedes Dienstjahr wenigstens vier Wochen, dem Arbeitnehmer bis zum vollendeten 20. Altersjahr wenigstens fünf Wochen Ferien zu gewähren. … Für ein unvollständiges Dienstjahr sind Ferien entsprechend der Dauer des Arbeitsverhältnisses im betreffenden Dienstjahr zu gewähren.;para_1 para_2 para_3;"{'authorialNote': {'p': {'ref': [{'@href': 'https://fedlex.data.admin.ch/eli/oc/1984/580_580_580', 'b': '1984', '#text': 'AS  580'}, {'@href': 'https://fedlex.data.admin.ch/eli/fga/1982/3_201_177_161', 'b': '1982', '#text': 'BBl  III 201'}], '#text': 'Fassung gemäss Ziff. I des BG vom 16. Dez. 1983, in Kraft seit 1. Juli 1984  (; ).'}}, '#text': 'Der Arbeitgeber hat dem Arbeitnehmer jedes Dienstjahr wenigstens vier Wochen, dem Arbeitnehmer bis zum vollendeten 20. Altersjahr wenigstens fünf Wochen Ferien zu gewähren.'} {'authorialNote': {'p': {'ref': [{'@href': 'https://fedlex.data.admin.ch/eli/oc/1984/580_580_580', 'b': '1984', '#text': 'AS  580'}, {'@href': 'https://fedlex.data.admin.ch/eli/fga/1982/3_201_177_161', 'b': '1982', '#text': 'BBl  III 201'}], '#text': 'Aufgehoben durch Ziff. I des BG vom 16. Dez. 1983, mit Wirkung seit 1. Juli 1984  (; ).'}}, '#text': '…'} Für ein unvollständiges Dienstjahr sind Ferien entsprechend der Dauer des Arbeitsverhältnisses im betreffenden Dienstjahr zu gewähren."
26;VIII. Freizeit, Ferien und Urlaub;art_329_b;Ist der Arbeitnehmer durch sein Verschulden während eines Dienstjahres insgesamt um mehr als einen Monat an der Arbeitsleistung verhindert, so kann der Arbeitgeber die Ferien für jeden vollen Monat der Verhinderung um einen Zwölftel kürzen. Beträgt die Verhinderung insgesamt nicht mehr als einen Monat im Dienstjahr und ist sie durch Gründe, die in der Person des Arbeitnehmers liegen, wie Krankheit, Unfall, Erfüllung gesetzlicher Pflichten, Ausübung eines öffentlichen Amtes oder Jugendurlaub, ohne Verschulden des Arbeitnehmers verursacht, so dürfen die Ferien vom Arbeitgeber nicht gekürzt werden. Durch Normalarbeitsvertrag oder Gesamtarbeitsvertrag kann eine von den Absätzen 2 und 3 abweichende Regelung getroffen werden, wenn sie für den Arbeitnehmer im Ganzen mindestens gleichwertig ist.;para_1 para_2 para_4;"{'authorialNote': {'p': {'ref': [{'@href': 'https://fedlex.data.admin.ch/eli/oc/1982/2184_2184_2184', 'b': '1982', '#text': 'AS  2184'}, {'@href': 'https://fedlex.data.admin.ch/eli/oc/1983/1204_1204_1204', 'b': '1983', '#text': '1204'}, {'@href': 'https://fedlex.data.admin.ch/eli/fga/1980/3_489_485_469', 'b': '1980', '#text': 'BBl  III 489'}], '#text': 'Fassung gemäss Art. 117 des Arbeitslosenversicherungsgesetzes, in Kraft seit 1. Jan. 1984 (, ; ).'}}, '#text': 'Ist der Arbeitnehmer durch sein Verschulden während eines Dienstjahres insgesamt um mehr als einen Monat an der Arbeitsleistung verhindert, so kann der Arbeitgeber die Ferien für jeden vollen Monat der Verhinderung um einen Zwölftel kürzen.'} {'authorialNote': {'p': {'ref': [{'@href': 'https://fedlex.data.admin.ch/eli/oc/1990/2007_2007_2007', 'b': '1990', '#text': 'AS  2007'}, {'@href': 'https://fedlex.data.admin.ch/eli/fga/1988/1_825_777_641', 'b': '1988', '#text': 'BBl  I 825'}], '#text': 'Fassung gemäss Art. 13 des JFG vom 6. Okt. 1989, in Kraft seit 1. Jan. 1991  (; ).'}}, '#text': 'Beträgt die Verhinderung insgesamt nicht mehr als einen Monat im Dienstjahr und ist sie durch Gründe, die in der Person des Arbeitnehmers liegen, wie Krankheit, Unfall, Erfüllung gesetzlicher Pflichten, Ausübung eines öffentlichen Amtes oder Jugendurlaub, ohne Verschulden des Arbeitnehmers verursacht, so dürfen die Ferien vom Arbeitgeber nicht gekürzt werden.'} {'authorialNote': {'p': {'ref': [{'@href': 'https://fedlex.data.admin.ch/eli/oc/1984/580_580_580', 'b': '1984', '#text': 'AS  580'}, {'@href': 'https://fedlex.data.admin.ch/eli/fga/1982/3_201_177_161', 'b': '1982', '#text': 'BBl  III 201'}], '#text': 'Eingefügt durch Ziff. I des BG vom 16. Dez. 1983, in Kraft seit 1. Juli 1984  (; ).'}}, '#text': 'Durch Normalarbeitsvertrag oder Gesamtarbeitsvertrag kann eine von den Absätzen 2 und 3 abweichende Regelung getroffen werden, wenn sie für den Arbeitnehmer im Ganzen mindestens gleichwertig ist.'}"
27;VIII. Freizeit, Ferien und Urlaub;art_329_c;"Die Ferien sind in der Regel im Verlauf des betreffenden Dienstjahres zu gewähren; wenigstens zwei Ferienwochen müssen zusammenhängen. Der Arbeitgeber bestimmt den Zeitpunkt der Ferien und nimmt dabei auf die Wünsche des Arbeitnehmers soweit Rücksicht, als dies mit den Interessen des Betriebes oder Haushaltes vereinbar ist.";para_1 para_2;"{'authorialNote': {'p': {'ref': [{'@href': 'https://fedlex.data.admin.ch/eli/oc/1984/580_580_580', 'b': '1984', '#text': 'AS  580'}, {'@href': 'https://fedlex.data.admin.ch/eli/fga/1982/3_201_177_161', 'b': '1982', '#text': 'BBl  III 201'}], '#text': 'Fassung gemäss Ziff. I des BG vom 16. Dez. 1983, in Kraft seit 1. Juli 1984  (; ).'}}, '#text': 'Die Ferien sind in der Regel im Verlauf des betreffenden Dienstjahres zu gewähren; wenigstens zwei Ferienwochen müssen zusammenhängen.'} Der Arbeitgeber bestimmt den Zeitpunkt der Ferien und nimmt dabei auf die Wünsche des Arbeitnehmers soweit Rücksicht, als dies mit den Interessen des Betriebes oder Haushaltes vereinbar ist."
28;VIII. Freizeit, Ferien und Urlaub;art_329_d;Der Arbeitgeber hat dem Arbeitnehmer für die Ferien den gesamten darauf entfallenden Lohn und eine angemessene Entschädigung für ausfallenden Naturallohn zu entrichten. Die Ferien dürfen während der Dauer des Arbeitsverhältnisses nicht durch Geldleistungen oder andere Vergünstigungen abgegolten werden. Leistet der Arbeitnehmer während der Ferien entgeltliche Arbeit für einen Dritten und werden dadurch die berechtigten Interessen des Arbeitgebers verletzt, so kann dieser den Ferienlohn verweigern und bereits bezahlten Ferienlohn zurückverlangen.;para_1 para_2 para_3;Der Arbeitgeber hat dem Arbeitnehmer für die Ferien den gesamten darauf entfallenden Lohn und eine angemessene Entschädigung für ausfallenden Naturallohn zu entrichten. Die Ferien dürfen während der Dauer des Arbeitsverhältnisses nicht durch Geldleistungen oder andere Vergünstigungen abgegolten werden. Leistet der Arbeitnehmer während der Ferien entgeltliche Arbeit für einen Dritten und werden dadurch die berechtigten Interessen des Arbeitgebers verletzt, so kann dieser den Ferienlohn verweigern und bereits bezahlten Ferienlohn zurückverlangen.
29;VIII. Freizeit, Ferien und Urlaub;art_329_e;"Der Arbeitgeber hat dem Arbeitnehmer bis zum vollendeten 30. Altersjahr für unentgeltliche leitende, betreuende oder beratende Tätigkeit im Rahmen ausserschulischer Jugendarbeit in einer kulturellen oder sozialen Organisation sowie für die dazu notwendige Aus- und Weiterbildung jedes Dienstjahr Jugendurlaub bis zu insgesamt einer Arbeitswoche zu gewähren. Der Arbeitnehmer hat während des Jugendurlaubs keinen Lohnanspruch. Durch Abrede, Normalarbeitsvertrag oder Gesamtarbeitsvertrag kann zugunsten des Arbeitnehmers eine andere Regelung getroffen werden. Über den Zeitpunkt und die Dauer des Jugendurlaubs einigen sich Arbeitgeber und Arbeitnehmer; sie berücksichtigen dabei ihre beidseitigen Interessen. Kommt eine Einigung nicht zustande, dann muss der Jugendurlaub gewährt werden, wenn der Arbeitnehmer dem Arbeitgeber die Geltendmachung seines Anspruches zwei Monate im Voraus angezeigt hat. Nicht bezogene Jugendurlaubstage verfallen am Ende des Kalenderjahres. Der Arbeitnehmer hat auf Verlangen des Arbeitgebers seine Tätigkeiten und Funktionen in der Jugendarbeit nachzuweisen.";para_1 para_2 para_3 para_4;"Der Arbeitgeber hat dem Arbeitnehmer bis zum vollendeten 30. Altersjahr für unentgeltliche leitende, betreuende oder beratende Tätigkeit im Rahmen ausserschulischer Jugendarbeit in einer kulturellen oder sozialen Organisation sowie für die dazu notwendige Aus- und Weiterbildung jedes Dienstjahr Jugendurlaub bis zu insgesamt einer Arbeitswoche zu gewähren. Der Arbeitnehmer hat während des Jugendurlaubs keinen Lohnanspruch. Durch Abrede, Normalarbeitsvertrag oder Gesamtarbeitsvertrag kann zugunsten des Arbeitnehmers eine andere Regelung getroffen werden. Über den Zeitpunkt und die Dauer des Jugendurlaubs einigen sich Arbeitgeber und Arbeitnehmer; sie berücksichtigen dabei ihre beidseitigen Interessen. Kommt eine Einigung nicht zustande, dann muss der Jugendurlaub gewährt werden, wenn der Arbeitnehmer dem Arbeitgeber die Geltendmachung seines Anspruches zwei Monate im Voraus angezeigt hat. Nicht bezogene Jugendurlaubstage verfallen am Ende des Kalenderjahres. Der Arbeitnehmer hat auf Verlangen des Arbeitgebers seine Tätigkeiten und Funktionen in der Jugendarbeit nachzuweisen."
30;VIII. Freizeit, Ferien und Urlaub;art_329_f;"Nach der Niederkunft hat die Arbeitnehmerin Anspruch auf einen Mutterschaftsurlaub von mindestens 14 Wochen. Bei Hospitalisierung des Neugeborenen verlängert sich der Mutterschaftsurlaub um die verlängerte Dauer der Ausrichtung der Mutterschaftsentschädigung. Im Falle des Todes des andern Elternteils während der sechs Monate nach der Geburt des Kindes hat die Arbeitnehmerin Anspruch auf zwei Wochen zusätzlichen Urlaub; sie kann diesen Urlaub innert einer Rahmenfrist von sechs Monaten ab dem Tag nach dem Tod wochen- oder tageweise beziehen.";para_1 para_2 para_3;"Nach der Niederkunft hat die Arbeitnehmerin Anspruch auf einen Mutterschaftsurlaub von mindestens 14 Wochen. {'authorialNote': {'p': {'ref': [{'@href': 'https://fedlex.data.admin.ch/eli/oc/2021/288', 'b': '2021', '#text': 'AS  288'}, {'@href': 'https://fedlex.data.admin.ch/eli/fga/2019/9', 'b': '2019', '#text': 'BBl  141'}], '#text': 'Eingefügt durch Ziff. II des BG vom 18. Dez. 2020, in Kraft seit 1. Juli 2021  (; ).'}}, '#text': 'Bei Hospitalisierung des Neugeborenen verlängert sich der Mutterschaftsurlaub um die verlängerte Dauer der Ausrichtung der Mutterschaftsentschädigung.'} {'authorialNote': {'p': {'ref': [{'@href': 'https://fedlex.data.admin.ch/eli/oc/2023/680', 'b': '2023', '#text': 'AS  680'}, {'@href': 'https://fedlex.data.admin.ch/eli/fga/2022/2515', 'b': '2022', '#text': 'BBl  2515'}, {'@href': 'https://fedlex.data.admin.ch/eli/fga/2022/2742', '#text': '2742'}], '#text': 'Eingefügt durch Anhang Ziff. 1 des BG vom 17. März 2023 (Taggelder für den hinterlassenen Elternteil), in Kraft seit 1. Jan. 2024 (; , ).'}}, '#text': 'Im Falle des Todes des andern Elternteils während der sechs Monate nach der Geburt des Kindes hat die Arbeitnehmerin Anspruch auf zwei Wochen zusätzlichen Urlaub; sie kann diesen Urlaub innert einer Rahmenfrist von sechs Monaten ab dem Tag nach dem Tod wochen- oder tageweise beziehen.'}"
31;VIII. Freizeit, Ferien und Urlaub;art_329_g;Der Urlaub muss innert der sechs Monate nach der Geburt des Kindes bezogen werden. Diese Frist steht während des Urlaubs nach Artikel 329 still. Der Urlaub kann wochen- oder tageweise bezogen werden.;para_2 para_3;{'i': 'g', 'sup': 'bis', '#text': 'Der Urlaub muss innert der sechs Monate nach der Geburt des Kindes bezogen werden. Diese Frist steht während des Urlaubs nach Artikel\xa0329 still.'} Der Urlaub kann wochen- oder tageweise bezogen werden.
32;VIII. Freizeit, Ferien und Urlaub;art_329_g_bis;"Stirbt die Mutter am Tag der Niederkunft oder während der 14 Wochen danach, so hat der andere Elternteil Anspruch auf einen Urlaub von 14 Wochen; dieser Urlaub muss ab dem Tag nach dem Tod an aufeinanderfolgenden Tagen bezogen werden. Der andere Elternteil hat Anspruch auf den Urlaub, wenn das Kindesverhältnis am Todestag begründet ist oder während der 14 Wochen danach begründet wird. Bei Hospitalisierung des Neugeborenen nach Artikel 329 Absatz 2 verlängert sich der Urlaub nach Absatz 1 um die Dauer der Hospitalisierung, höchstens jedoch um acht Wochen.";para_1 para_2 para_3;"Stirbt die Mutter am Tag der Niederkunft oder während der 14 Wochen danach, so hat der andere Elternteil Anspruch auf einen Urlaub von 14 Wochen; dieser Urlaub muss ab dem Tag nach dem Tod an aufeinanderfolgenden Tagen bezogen werden. Der andere Elternteil hat Anspruch auf den Urlaub, wenn das Kindesverhältnis am Todestag begründet ist oder während der 14 Wochen danach begründet wird. {'i': 'f', '#text': 'Bei Hospitalisierung des Neugeborenen nach Artikel 329 Absatz 2 verlängert sich der Urlaub nach Absatz 1 um die Dauer der Hospitalisierung, höchstens jedoch um acht Wochen.'}"
33;VIII. Freizeit, Ferien und Urlaub;art_329_h;"Die Arbeitnehmerin oder der Arbeitnehmer hat Anspruch auf bezahlten Urlaub für die Zeit, die zur Betreuung eines Familienmitglieds, der Lebenspartnerin oder des Lebenspartners mit gesundheitlicher Beeinträchtigung notwendig ist; der Urlaub beträgt jedoch höchstens drei Tage pro Ereignis und höchstens zehn Tage pro Jahr.";para;"Die Arbeitnehmerin oder der Arbeitnehmer hat Anspruch auf bezahlten Urlaub für die Zeit, die zur Betreuung eines Familienmitglieds, der Lebenspartnerin oder des Lebenspartners mit gesundheitlicher Beeinträchtigung notwendig ist; der Urlaub beträgt jedoch höchstens drei Tage pro Ereignis und höchstens zehn Tage pro Jahr."
34;VIII. Freizeit, Ferien und Urlaub;art_329_i;Hat die Arbeitnehmerin oder der Arbeitnehmer Anspruch auf eine Betreuungsentschädigung nach den Artikeln , weil ihr oder sein Kind wegen Krankheit oder Unfall gesundheitlich schwer beeinträchtigt ist, so hat sie oder er Anspruch auf einen Betreuungsurlaub von höchstens 14 Wochen. Der Betreuungsurlaub ist innerhalb einer Rahmenfrist von 18 Monaten zu beziehen. Die Rahmenfrist beginnt mit dem Tag, für den das erste Taggeld bezogen wird. Sind beide Eltern Arbeitnehmende, so hat jeder Elternteil Anspruch auf einen Betreuungsurlaub von höchstens sieben Wochen. Sie können eine abweichende Aufteilung des Urlaubs wählen. Der Urlaub kann am Stück oder tageweise bezogen werden. Der Arbeitgeber ist über die Modalitäten des Urlaubsbezugs sowie über Änderungen unverzüglich zu informieren.;para_1 para_2 para_3 para_4 para_5;{'span': ['16', '–16', 'EOG'], 'i': [{'span': 'n'}, {'span': 's'}], 'authorialNote': {'p': {'ref': {'@href': 'https://fedlex.data.admin.ch/eli/cc/1952/1021_1046_1050', 'b': '834.1', '#text': 'SR'}}}, '#text': 'Hat die Arbeitnehmerin oder der Arbeitnehmer Anspruch auf eine Betreuungsentschädigung nach den Artikeln , weil ihr oder sein Kind wegen Krankheit oder Unfall gesundheitlich schwer beeinträchtigt ist, so hat sie oder er Anspruch auf einen Betreuungsurlaub von höchstens 14 Wochen.'} Der Betreuungsurlaub ist innerhalb einer Rahmenfrist von 18 Monaten zu beziehen. Die Rahmenfrist beginnt mit dem Tag, für den das erste Taggeld bezogen wird. Sind beide Eltern Arbeitnehmende, so hat jeder Elternteil Anspruch auf einen Betreuungsurlaub von höchstens sieben Wochen. Sie können eine abweichende Aufteilung des Urlaubs wählen. Der Urlaub kann am Stück oder tageweise bezogen werden. Der Arbeitgeber ist über die Modalitäten des Urlaubsbezugs sowie über Änderungen unverzüglich zu informieren.
35;VIII. Freizeit, Ferien und Urlaub;art_329_j;Nimmt die Arbeitnehmerin oder der Arbeitnehmer ein Kind zur Adoption auf, so hat sie oder er bei Erfüllen der Voraussetzungen gemäss Artikel 16 EOG Anspruch auf einen Adoptionsurlaub von zwei Wochen. Der Adoptionsurlaub muss innerhalb des ersten Jahres nach Aufnahme des Kindes bezogen werden. Er kann von einem Elternteil bezogen oder unter den Eltern aufgeteilt werden. Ein gleichzeitiger Bezug ist ausgeschlossen. Er kann wochen- oder tageweise bezogen werden.;para_1 para_2 para_3 para_4;{'i': 't', 'authorialNote': {'p': {'ref': {'@href': 'https://fedlex.data.admin.ch/eli/cc/1952/1021_1046_1050', 'b': '834.1', '#text': 'SR'}}}, '#text': 'Nimmt die Arbeitnehmerin oder der Arbeitnehmer ein Kind zur Adoption auf, so hat sie oder er bei Erfüllen der Voraussetzungen gemäss Artikel 16 EOG Anspruch auf einen Adoptionsurlaub von zwei Wochen.'} Der Adoptionsurlaub muss innerhalb des ersten Jahres nach Aufnahme des Kindes bezogen werden. Er kann von einem Elternteil bezogen oder unter den Eltern aufgeteilt werden. Ein gleichzeitiger Bezug ist ausgeschlossen. Er kann wochen- oder tageweise bezogen werden.
